{"val_loss":0.0373491495847702,"data":{"filenames":["media/images/data_148_dd4b6f281fe73572ea36.png","media/images/data_148_260fa223042194861f82.png","media/images/data_148_d7b5e7dc6684d9c5c5e5.png","media/images/data_148_b0be5b994919c9f4b866.png","media/images/data_148_95ff5fb6aa20a4351c00.png","media/images/data_148_6142bbb10774218fc512.png","media/images/data_148_f57978562474c71adeec.png","media/images/data_148_a6715af503a049ce0602.png","media/images/data_148_a082790f038b89786170.png","media/images/data_148_76fd6305682a59732604.png"],"_type":"images/separated","width":64,"height":64,"format":"png","count":10},"predictions":{"height":64,"format":"png","count":10,"filenames":["media/images/predictions_148_68e0a83ef8e099344ba6.png","media/images/predictions_148_6ccc19cab4b74d5b3fdb.png","media/images/predictions_148_e0ffd3e5bc7daedcf593.png","media/images/predictions_148_e8d33628d2a53b700a70.png","media/images/predictions_148_9d3e856836683d2a3289.png","media/images/predictions_148_a296828729e1af0afeb0.png","media/images/predictions_148_4003f4a39c71cf65485d.png","media/images/predictions_148_44bbebd85a0d7545885a.png","media/images/predictions_148_7caf04158b20627d6acb.png","media/images/predictions_148_a04512f3980a51658a15.png"],"_type":"images/separated","width":64},"_step":150,"train_loss":0.03658560290932655,"epoch":49,"trainer/global_step":4999,"_wandb":{"runtime":625},"_timestamp":1.7335926317208142e+09,"_runtime":625.2747049}