{"trainer/global_step":999,"predictions":{"filenames":["media/images/predictions_148_57afe798e04b42fbf97d.png","media/images/predictions_148_8395298d2f2e8dd0e483.png","media/images/predictions_148_e17ad70437cd0d2791b5.png","media/images/predictions_148_f56390dd312c85580a6d.png","media/images/predictions_148_70ecdac6f4464e3906cd.png","media/images/predictions_148_4770b6b64331bb7e5eb1.png","media/images/predictions_148_43851d6dfe8048f6075d.png","media/images/predictions_148_9f771b4b7a6509184eea.png","media/images/predictions_148_d21f16de627100632359.png","media/images/predictions_148_d4d7fd0b5e2d1871761e.png"],"_type":"images/separated","width":64,"height":64,"format":"png","count":10},"_wandb":{"runtime":347},"epoch":49,"train_loss":0.037523169070482254,"_step":150,"data":{"_type":"images/separated","width":64,"height":64,"format":"png","count":10,"filenames":["media/images/data_148_dd4b6f281fe73572ea36.png","media/images/data_148_260fa223042194861f82.png","media/images/data_148_d7b5e7dc6684d9c5c5e5.png","media/images/data_148_b0be5b994919c9f4b866.png","media/images/data_148_95ff5fb6aa20a4351c00.png","media/images/data_148_6142bbb10774218fc512.png","media/images/data_148_f57978562474c71adeec.png","media/images/data_148_a6715af503a049ce0602.png","media/images/data_148_a082790f038b89786170.png","media/images/data_148_76fd6305682a59732604.png"]},"_timestamp":1.7335916470697017e+09,"val_loss":0.03758236765861511,"_runtime":347.6039967}