{"train_loss":0.017254134640097618,"_wandb":{"runtime":7501},"trainer/global_step":49999,"val_loss":0.016717251390218735,"epoch":99,"_timestamp":1.733600320443388e+09,"data":{"count":10,"filenames":["media/images/data_298_dd4b6f281fe73572ea36.png","media/images/data_298_260fa223042194861f82.png","media/images/data_298_d7b5e7dc6684d9c5c5e5.png","media/images/data_298_b0be5b994919c9f4b866.png","media/images/data_298_95ff5fb6aa20a4351c00.png","media/images/data_298_6142bbb10774218fc512.png","media/images/data_298_f57978562474c71adeec.png","media/images/data_298_a6715af503a049ce0602.png","media/images/data_298_a082790f038b89786170.png","media/images/data_298_76fd6305682a59732604.png"],"_type":"images/separated","width":64,"height":64,"format":"png"},"predictions":{"width":64,"height":64,"format":"png","count":10,"filenames":["media/images/predictions_298_c6289323047e75584c14.png","media/images/predictions_298_a5bf4cde9efee551272a.png","media/images/predictions_298_3f3e0c1e8e0bbf2d409c.png","media/images/predictions_298_88c54b734762a546fe30.png","media/images/predictions_298_fc04ee5614e855e66613.png","media/images/predictions_298_3b43b24cf2ed8895727e.png","media/images/predictions_298_064202f7c567e31d844f.png","media/images/predictions_298_5b1a74f125328975f7aa.png","media/images/predictions_298_54d8842cc5795a720fd9.png","media/images/predictions_298_f64e3201f85f7541225d.png"],"_type":"images/separated"},"_step":300,"_runtime":7501.2501949}