{"epoch":1,"train_loss":0.19524028897285461,"data":{"width":64,"height":64,"format":"png","count":10,"filenames":["media/images/data_4_dd4b6f281fe73572ea36.png","media/images/data_4_260fa223042194861f82.png","media/images/data_4_d7b5e7dc6684d9c5c5e5.png","media/images/data_4_b0be5b994919c9f4b866.png","media/images/data_4_95ff5fb6aa20a4351c00.png","media/images/data_4_6142bbb10774218fc512.png","media/images/data_4_f57978562474c71adeec.png","media/images/data_4_a6715af503a049ce0602.png","media/images/data_4_a082790f038b89786170.png","media/images/data_4_76fd6305682a59732604.png"],"_type":"images/separated"},"_wandb":{"runtime":20},"_step":6,"_timestamp":1.7335911918323638e+09,"predictions":{"format":"png","count":10,"filenames":["media/images/predictions_4_eb3e6e738f10e580446d.png","media/images/predictions_4_98a33dfdfa0c1f8cae03.png","media/images/predictions_4_d2ed978a55a45e385508.png","media/images/predictions_4_d0f139d4846d464090a5.png","media/images/predictions_4_c86cdddbb5670acf192b.png","media/images/predictions_4_bcfd908cda9940905740.png","media/images/predictions_4_ac0751377e1c775f3806.png","media/images/predictions_4_9a9254a738e06d4579a7.png","media/images/predictions_4_3ea0e3925976141e77cb.png","media/images/predictions_4_b8df08cee286e5aa6445.png"],"_type":"images/separated","width":64,"height":64},"_runtime":20.6562447,"val_loss":0.13146689534187317,"trainer/global_step":19}